﻿<?xml version="1.0" encoding="utf-8"?>
<ArrayOfLanguage xmlns:xsd="http://www.w3.org/2001/XMLSchema" xmlns:xsi="http://www.w3.org/2001/XMLSchema-instance">
  <Language>
    <Id>en-US</Id>
    <btRun>Upgrade now</btRun>
    <btPostpone>Schedule...</btPostpone>
    <btShowLater>Show later</btShowLater>
    <btMinimize>Minimize</btMinimize>
    <LinkText>Read more about it >></LinkText>
    <LinkUrl>http://cnn.com</LinkUrl>
    <lbInfo>%DAYSLEFT% days left to upgrade</lbInfo>

    <lbTitle>Schedule the upgrade</lbTitle>
    <rbManualText>I want to manually start the upgrade the following day and time.</rbManualText>
    <rbAutoText>I want the upgrade to start automatically the following day and time.&#xD;&#xA;(Attention! Here you will not be able to cancel or postpone)</rbAutoText>
    <tbExplain>Do not forget that your computer must be in a wired network and be on during the upgrade.</tbExplain>
    <btOK>OK</btOK>
    <btCancel>Cancel</btCancel>

    <tbCountDownTitle>Upgrading in:</tbCountDownTitle>
    <btAbortCountDown>Cancel</btAbortCountDown>

    <TrayIconText>A Windows upgrade is available</TrayIconText>
    <ToastTitle>Windows upgrade</ToastTitle>
    <ToastText>A Windows upgrade is available, click here!</ToastText>

    <ReminderTitle>Reminder</ReminderTitle>
    <ReminderText>A Windows upgrade is scheduled at: %UPGTIME%</ReminderText>

    <ReminderTitle>Reminder</ReminderTitle>
    <ReminderText>A Windows upgrade is scheduled at: %UPGTIME%</ReminderText>

    <UserAcBoxTitle>Scheduled upgrade is starting.</UserAcBoxTitle>
    <UserAcBoxInfo>Please, connect your AC Power supply.&#xD;&#xA;&#xD;&#xA;Once plugged in it could take up to 20 seconds before it is detected and this box is automatically closed.&#xD;&#xA;&#xD;&#xA;If not plugged in within 5 minutes you will have to reschedule this upgrade.</UserAcBoxInfo>
  </Language>
</ArrayOfLanguage>
